Category: All categories,
,
Day,raygun: (Worldwide)
2024-07-02,0
2024-07-03,0
2024-07-04,0
2024-07-05,0
2024-07-06,0
2024-07-07,0
2024-07-08,0
2024-07-09,0
2024-07-10,0
2024-07-11,0
2024-07-12,0
2024-07-13,0
2024-07-14,0
2024-07-15,0
2024-07-16,0
2024-07-17,0
2024-07-18,0
2024-07-19,0
2024-07-20,0
2024-07-21,0
2024-07-22,0
2024-07-23,0
2024-07-24,0
2024-07-25,0
2024-07-26,0
2024-07-27,0
2024-07-28,0
2024-07-29,0
2024-07-30,0
2024-07-31,0
2024-08-01,0
2024-08-02,0
2024-08-03,0
2024-08-04,0
2024-08-05,0
2024-08-06,0
2024-08-07,0
2024-08-08,0
2024-08-09,11
2024-08-10,65
2024-08-11,89
2024-08-12,100
2024-08-13,85
2024-08-14,69
2024-08-15,74
2024-08-16,62
2024-08-17,40
2024-08-18,34
2024-08-19,20
2024-08-20,13
2024-08-21,10
2024-08-22,9
2024-08-23,7
2024-08-24,7
2024-08-25,6
2024-08-26,4
2024-08-27,4
2024-08-28,3
2024-08-29,3
2024-08-30,3
2024-08-31,4
2024-09-01,3
2024-09-02,3
2024-09-03,2
2024-09-04,11
2024-09-05,9
2024-09-06,4
2024-09-07,4
2024-09-08,3
2024-09-09,3
2024-09-10,8
2024-09-11,9
2024-09-12,6
2024-09-13,3
2024-09-14,2
2024-09-15,2
2024-09-16,2
2024-09-17,2
2024-09-18,1
2024-09-19,1
2024-09-20,1
2024-09-21,1
2024-09-22,1
2024-09-23,1
2024-09-24,1
2024-09-25,1
2024-09-26,1
2024-09-27,1
2024-09-28,1
2024-09-29,1
2024-09-30,1
2024-10-01,1
2024-10-02,1
